Image,Cluster
cropped_frames\id1_0000.mp4\id1_0000.mp4_1.jpg,1
cropped_frames\id1_0000.mp4\id1_0000.mp4_10.jpg,1
cropped_frames\id1_0000.mp4\id1_0000.mp4_11.jpg,1
cropped_frames\id1_0000.mp4\id1_0000.mp4_12.jpg,1
cropped_frames\id1_0000.mp4\id1_0000.mp4_2.jpg,1
cropped_frames\id1_0000.mp4\id1_0000.mp4_3.jpg,1
cropped_frames\id1_0000.mp4\id1_0000.mp4_4.jpg,1
cropped_frames\id1_0000.mp4\id1_0000.mp4_5.jpg,1
cropped_frames\id1_0000.mp4\id1_0000.mp4_6.jpg,1
cropped_frames\id1_0000.mp4\id1_0000.mp4_7.jpg,1
cropped_frames\id1_0000.mp4\id1_0000.mp4_8.jpg,1
cropped_frames\id1_0000.mp4\id1_0000.mp4_9.jpg,1
cropped_frames\id1_0001.mp4\id1_0001.mp4_1.jpg,0
cropped_frames\id1_0001.mp4\id1_0001.mp4_10.jpg,0
cropped_frames\id1_0001.mp4\id1_0001.mp4_11.jpg,0
cropped_frames\id1_0001.mp4\id1_0001.mp4_12.jpg,0
cropped_frames\id1_0001.mp4\id1_0001.mp4_2.jpg,0
cropped_frames\id1_0001.mp4\id1_0001.mp4_3.jpg,0
cropped_frames\id1_0001.mp4\id1_0001.mp4_4.jpg,0
cropped_frames\id1_0001.mp4\id1_0001.mp4_5.jpg,0
cropped_frames\id1_0001.mp4\id1_0001.mp4_6.jpg,0
cropped_frames\id1_0001.mp4\id1_0001.mp4_7.jpg,0
cropped_frames\id1_0001.mp4\id1_0001.mp4_8.jpg,0
cropped_frames\id1_0001.mp4\id1_0001.mp4_9.jpg,1
cropped_frames\id1_0002.mp4\id1_0002.mp4_1.jpg,0
cropped_frames\id1_0002.mp4\id1_0002.mp4_10.jpg,0
cropped_frames\id1_0002.mp4\id1_0002.mp4_11.jpg,0
cropped_frames\id1_0002.mp4\id1_0002.mp4_12.jpg,0
cropped_frames\id1_0002.mp4\id1_0002.mp4_2.jpg,0
cropped_frames\id1_0002.mp4\id1_0002.mp4_3.jpg,0
cropped_frames\id1_0002.mp4\id1_0002.mp4_4.jpg,0
cropped_frames\id1_0002.mp4\id1_0002.mp4_5.jpg,0
cropped_frames\id1_0002.mp4\id1_0002.mp4_6.jpg,0
cropped_frames\id1_0002.mp4\id1_0002.mp4_7.jpg,0
cropped_frames\id1_0002.mp4\id1_0002.mp4_8.jpg,0
cropped_frames\id1_0002.mp4\id1_0002.mp4_9.jpg,0
cropped_frames\id1_0003.mp4\id1_0003.mp4_1.jpg,0
cropped_frames\id1_0003.mp4\id1_0003.mp4_10.jpg,1
cropped_frames\id1_0003.mp4\id1_0003.mp4_11.jpg,1
cropped_frames\id1_0003.mp4\id1_0003.mp4_12.jpg,0
cropped_frames\id1_0003.mp4\id1_0003.mp4_2.jpg,1
cropped_frames\id1_0003.mp4\id1_0003.mp4_3.jpg,1
cropped_frames\id1_0003.mp4\id1_0003.mp4_4.jpg,0
cropped_frames\id1_0003.mp4\id1_0003.mp4_5.jpg,0
cropped_frames\id1_0003.mp4\id1_0003.mp4_6.jpg,0
cropped_frames\id1_0003.mp4\id1_0003.mp4_7.jpg,1
cropped_frames\id1_0003.mp4\id1_0003.mp4_8.jpg,1
cropped_frames\id1_0003.mp4\id1_0003.mp4_9.jpg,0
cropped_frames\id1_0004.mp4\id1_0004.mp4_1.jpg,0
cropped_frames\id1_0004.mp4\id1_0004.mp4_10.jpg,0
cropped_frames\id1_0004.mp4\id1_0004.mp4_11.jpg,0
cropped_frames\id1_0004.mp4\id1_0004.mp4_12.jpg,0
cropped_frames\id1_0004.mp4\id1_0004.mp4_2.jpg,0
cropped_frames\id1_0004.mp4\id1_0004.mp4_3.jpg,0
cropped_frames\id1_0004.mp4\id1_0004.mp4_4.jpg,0
cropped_frames\id1_0004.mp4\id1_0004.mp4_5.jpg,0
cropped_frames\id1_0004.mp4\id1_0004.mp4_6.jpg,0
cropped_frames\id1_0004.mp4\id1_0004.mp4_7.jpg,0
cropped_frames\id1_0004.mp4\id1_0004.mp4_8.jpg,0
cropped_frames\id1_0004.mp4\id1_0004.mp4_9.jpg,0
cropped_frames\id1_0005.mp4\id1_0005.mp4_1.jpg,1
cropped_frames\id1_0005.mp4\id1_0005.mp4_10.jpg,1
cropped_frames\id1_0005.mp4\id1_0005.mp4_11.jpg,1
cropped_frames\id1_0005.mp4\id1_0005.mp4_12.jpg,1
cropped_frames\id1_0005.mp4\id1_0005.mp4_2.jpg,0
cropped_frames\id1_0005.mp4\id1_0005.mp4_3.jpg,1
cropped_frames\id1_0005.mp4\id1_0005.mp4_4.jpg,1
cropped_frames\id1_0005.mp4\id1_0005.mp4_5.jpg,1
cropped_frames\id1_0005.mp4\id1_0005.mp4_6.jpg,1
cropped_frames\id1_0005.mp4\id1_0005.mp4_7.jpg,1
cropped_frames\id1_0005.mp4\id1_0005.mp4_8.jpg,1
cropped_frames\id1_0005.mp4\id1_0005.mp4_9.jpg,1
cropped_frames\id1_0006.mp4\id1_0006.mp4_1.jpg,0
cropped_frames\id1_0006.mp4\id1_0006.mp4_10.jpg,0
cropped_frames\id1_0006.mp4\id1_0006.mp4_11.jpg,0
cropped_frames\id1_0006.mp4\id1_0006.mp4_12.jpg,0
cropped_frames\id1_0006.mp4\id1_0006.mp4_2.jpg,0
cropped_frames\id1_0006.mp4\id1_0006.mp4_3.jpg,0
cropped_frames\id1_0006.mp4\id1_0006.mp4_4.jpg,0
cropped_frames\id1_0006.mp4\id1_0006.mp4_5.jpg,0
cropped_frames\id1_0006.mp4\id1_0006.mp4_6.jpg,0
cropped_frames\id1_0006.mp4\id1_0006.mp4_7.jpg,0
cropped_frames\id1_0006.mp4\id1_0006.mp4_8.jpg,0
cropped_frames\id1_0006.mp4\id1_0006.mp4_9.jpg,0
cropped_frames\id1_0007.mp4\id1_0007.mp4_1.jpg,0
cropped_frames\id1_0007.mp4\id1_0007.mp4_10.jpg,0
cropped_frames\id1_0007.mp4\id1_0007.mp4_11.jpg,0
cropped_frames\id1_0007.mp4\id1_0007.mp4_12.jpg,0
cropped_frames\id1_0007.mp4\id1_0007.mp4_2.jpg,0
cropped_frames\id1_0007.mp4\id1_0007.mp4_3.jpg,0
cropped_frames\id1_0007.mp4\id1_0007.mp4_4.jpg,0
cropped_frames\id1_0007.mp4\id1_0007.mp4_5.jpg,0
cropped_frames\id1_0007.mp4\id1_0007.mp4_6.jpg,0
cropped_frames\id1_0007.mp4\id1_0007.mp4_7.jpg,0
cropped_frames\id1_0007.mp4\id1_0007.mp4_8.jpg,0
cropped_frames\id1_0007.mp4\id1_0007.mp4_9.jpg,0
cropped_frames\id1_0008.mp4\id1_0008.mp4_1.jpg,1
cropped_frames\id1_0008.mp4\id1_0008.mp4_10.jpg,0
cropped_frames\id1_0008.mp4\id1_0008.mp4_11.jpg,1
cropped_frames\id1_0008.mp4\id1_0008.mp4_12.jpg,0
cropped_frames\id1_0008.mp4\id1_0008.mp4_2.jpg,1
cropped_frames\id1_0008.mp4\id1_0008.mp4_3.jpg,1
cropped_frames\id1_0008.mp4\id1_0008.mp4_4.jpg,0
cropped_frames\id1_0008.mp4\id1_0008.mp4_5.jpg,0
cropped_frames\id1_0008.mp4\id1_0008.mp4_6.jpg,0
cropped_frames\id1_0008.mp4\id1_0008.mp4_7.jpg,0
cropped_frames\id1_0008.mp4\id1_0008.mp4_8.jpg,0
cropped_frames\id1_0008.mp4\id1_0008.mp4_9.jpg,0
cropped_frames\id1_0009.mp4\id1_0009.mp4_1.jpg,0
cropped_frames\id1_0009.mp4\id1_0009.mp4_10.jpg,1
cropped_frames\id1_0009.mp4\id1_0009.mp4_11.jpg,0
cropped_frames\id1_0009.mp4\id1_0009.mp4_12.jpg,0
cropped_frames\id1_0009.mp4\id1_0009.mp4_2.jpg,0
cropped_frames\id1_0009.mp4\id1_0009.mp4_3.jpg,0
cropped_frames\id1_0009.mp4\id1_0009.mp4_4.jpg,1
cropped_frames\id1_0009.mp4\id1_0009.mp4_5.jpg,0
cropped_frames\id1_0009.mp4\id1_0009.mp4_6.jpg,0
cropped_frames\id1_0009.mp4\id1_0009.mp4_7.jpg,0
cropped_frames\id1_0009.mp4\id1_0009.mp4_8.jpg,0
cropped_frames\id1_0009.mp4\id1_0009.mp4_9.jpg,1
cropped_frames\id1_id2_0000.mp4\id1_id2_0000.mp4_1.jpg,1
cropped_frames\id1_id2_0000.mp4\id1_id2_0000.mp4_10.jpg,1
cropped_frames\id1_id2_0000.mp4\id1_id2_0000.mp4_11.jpg,1
cropped_frames\id1_id2_0000.mp4\id1_id2_0000.mp4_12.jpg,1
cropped_frames\id1_id2_0000.mp4\id1_id2_0000.mp4_2.jpg,1
cropped_frames\id1_id2_0000.mp4\id1_id2_0000.mp4_3.jpg,1
cropped_frames\id1_id2_0000.mp4\id1_id2_0000.mp4_4.jpg,0
cropped_frames\id1_id2_0000.mp4\id1_id2_0000.mp4_5.jpg,1
cropped_frames\id1_id2_0000.mp4\id1_id2_0000.mp4_6.jpg,1
cropped_frames\id1_id2_0000.mp4\id1_id2_0000.mp4_7.jpg,1
cropped_frames\id1_id2_0000.mp4\id1_id2_0000.mp4_8.jpg,1
cropped_frames\id1_id2_0000.mp4\id1_id2_0000.mp4_9.jpg,1
cropped_frames\id1_id2_0001.mp4\id1_id2_0001.mp4_1.jpg,1
cropped_frames\id1_id2_0001.mp4\id1_id2_0001.mp4_10.jpg,0
cropped_frames\id1_id2_0001.mp4\id1_id2_0001.mp4_11.jpg,0
cropped_frames\id1_id2_0001.mp4\id1_id2_0001.mp4_12.jpg,1
cropped_frames\id1_id2_0001.mp4\id1_id2_0001.mp4_2.jpg,1
cropped_frames\id1_id2_0001.mp4\id1_id2_0001.mp4_3.jpg,0
cropped_frames\id1_id2_0001.mp4\id1_id2_0001.mp4_4.jpg,0
cropped_frames\id1_id2_0001.mp4\id1_id2_0001.mp4_5.jpg,1
cropped_frames\id1_id2_0001.mp4\id1_id2_0001.mp4_6.jpg,1
cropped_frames\id1_id2_0001.mp4\id1_id2_0001.mp4_7.jpg,1
cropped_frames\id1_id2_0001.mp4\id1_id2_0001.mp4_8.jpg,1
cropped_frames\id1_id2_0001.mp4\id1_id2_0001.mp4_9.jpg,1
cropped_frames\id1_id2_0002.mp4\id1_id2_0002.mp4_1.jpg,1
cropped_frames\id1_id2_0002.mp4\id1_id2_0002.mp4_10.jpg,1
cropped_frames\id1_id2_0002.mp4\id1_id2_0002.mp4_11.jpg,1
cropped_frames\id1_id2_0002.mp4\id1_id2_0002.mp4_12.jpg,1
cropped_frames\id1_id2_0002.mp4\id1_id2_0002.mp4_2.jpg,1
cropped_frames\id1_id2_0002.mp4\id1_id2_0002.mp4_3.jpg,1
cropped_frames\id1_id2_0002.mp4\id1_id2_0002.mp4_4.jpg,1
cropped_frames\id1_id2_0002.mp4\id1_id2_0002.mp4_5.jpg,1
cropped_frames\id1_id2_0002.mp4\id1_id2_0002.mp4_6.jpg,0
cropped_frames\id1_id2_0002.mp4\id1_id2_0002.mp4_7.jpg,0
cropped_frames\id1_id2_0002.mp4\id1_id2_0002.mp4_8.jpg,0
cropped_frames\id1_id2_0002.mp4\id1_id2_0002.mp4_9.jpg,0
cropped_frames\id1_id2_0003.mp4\id1_id2_0003.mp4_1.jpg,0
cropped_frames\id1_id2_0003.mp4\id1_id2_0003.mp4_10.jpg,0
cropped_frames\id1_id2_0003.mp4\id1_id2_0003.mp4_11.jpg,1
cropped_frames\id1_id2_0003.mp4\id1_id2_0003.mp4_12.jpg,1
cropped_frames\id1_id2_0003.mp4\id1_id2_0003.mp4_2.jpg,0
cropped_frames\id1_id2_0003.mp4\id1_id2_0003.mp4_3.jpg,0
cropped_frames\id1_id2_0003.mp4\id1_id2_0003.mp4_4.jpg,0
cropped_frames\id1_id2_0003.mp4\id1_id2_0003.mp4_5.jpg,0
cropped_frames\id1_id2_0003.mp4\id1_id2_0003.mp4_6.jpg,0
cropped_frames\id1_id2_0003.mp4\id1_id2_0003.mp4_7.jpg,1
cropped_frames\id1_id2_0003.mp4\id1_id2_0003.mp4_8.jpg,0
cropped_frames\id1_id2_0003.mp4\id1_id2_0003.mp4_9.jpg,0
cropped_frames\id1_id2_0004.mp4\id1_id2_0004.mp4_1.jpg,0
cropped_frames\id1_id2_0004.mp4\id1_id2_0004.mp4_10.jpg,0
cropped_frames\id1_id2_0004.mp4\id1_id2_0004.mp4_11.jpg,0
cropped_frames\id1_id2_0004.mp4\id1_id2_0004.mp4_12.jpg,0
cropped_frames\id1_id2_0004.mp4\id1_id2_0004.mp4_2.jpg,0
cropped_frames\id1_id2_0004.mp4\id1_id2_0004.mp4_3.jpg,1
cropped_frames\id1_id2_0004.mp4\id1_id2_0004.mp4_4.jpg,0
cropped_frames\id1_id2_0004.mp4\id1_id2_0004.mp4_5.jpg,0
cropped_frames\id1_id2_0004.mp4\id1_id2_0004.mp4_6.jpg,0
cropped_frames\id1_id2_0004.mp4\id1_id2_0004.mp4_7.jpg,0
cropped_frames\id1_id2_0004.mp4\id1_id2_0004.mp4_8.jpg,0
cropped_frames\id1_id2_0004.mp4\id1_id2_0004.mp4_9.jpg,0
cropped_frames\id1_id2_0005.mp4\id1_id2_0005.mp4_1.jpg,1
cropped_frames\id1_id2_0005.mp4\id1_id2_0005.mp4_10.jpg,1
cropped_frames\id1_id2_0005.mp4\id1_id2_0005.mp4_11.jpg,1
cropped_frames\id1_id2_0005.mp4\id1_id2_0005.mp4_12.jpg,1
cropped_frames\id1_id2_0005.mp4\id1_id2_0005.mp4_2.jpg,1
cropped_frames\id1_id2_0005.mp4\id1_id2_0005.mp4_3.jpg,1
cropped_frames\id1_id2_0005.mp4\id1_id2_0005.mp4_4.jpg,1
cropped_frames\id1_id2_0005.mp4\id1_id2_0005.mp4_5.jpg,1
cropped_frames\id1_id2_0005.mp4\id1_id2_0005.mp4_6.jpg,1
cropped_frames\id1_id2_0005.mp4\id1_id2_0005.mp4_7.jpg,1
cropped_frames\id1_id2_0005.mp4\id1_id2_0005.mp4_8.jpg,1
cropped_frames\id1_id2_0005.mp4\id1_id2_0005.mp4_9.jpg,1
cropped_frames\id1_id2_0006.mp4\id1_id2_0006.mp4_1.jpg,0
cropped_frames\id1_id2_0006.mp4\id1_id2_0006.mp4_10.jpg,0
cropped_frames\id1_id2_0006.mp4\id1_id2_0006.mp4_11.jpg,0
cropped_frames\id1_id2_0006.mp4\id1_id2_0006.mp4_12.jpg,0
cropped_frames\id1_id2_0006.mp4\id1_id2_0006.mp4_2.jpg,0
cropped_frames\id1_id2_0006.mp4\id1_id2_0006.mp4_3.jpg,0
cropped_frames\id1_id2_0006.mp4\id1_id2_0006.mp4_4.jpg,0
cropped_frames\id1_id2_0006.mp4\id1_id2_0006.mp4_5.jpg,0
cropped_frames\id1_id2_0006.mp4\id1_id2_0006.mp4_6.jpg,0
cropped_frames\id1_id2_0006.mp4\id1_id2_0006.mp4_7.jpg,0
cropped_frames\id1_id2_0006.mp4\id1_id2_0006.mp4_8.jpg,0
cropped_frames\id1_id2_0006.mp4\id1_id2_0006.mp4_9.jpg,0
cropped_frames\id1_id2_0007.mp4\id1_id2_0007.mp4_1.jpg,0
cropped_frames\id1_id2_0007.mp4\id1_id2_0007.mp4_10.jpg,0
cropped_frames\id1_id2_0007.mp4\id1_id2_0007.mp4_11.jpg,0
cropped_frames\id1_id2_0007.mp4\id1_id2_0007.mp4_12.jpg,0
cropped_frames\id1_id2_0007.mp4\id1_id2_0007.mp4_2.jpg,0
cropped_frames\id1_id2_0007.mp4\id1_id2_0007.mp4_3.jpg,0
cropped_frames\id1_id2_0007.mp4\id1_id2_0007.mp4_4.jpg,0
cropped_frames\id1_id2_0007.mp4\id1_id2_0007.mp4_5.jpg,0
cropped_frames\id1_id2_0007.mp4\id1_id2_0007.mp4_6.jpg,0
cropped_frames\id1_id2_0007.mp4\id1_id2_0007.mp4_7.jpg,0
cropped_frames\id1_id2_0007.mp4\id1_id2_0007.mp4_8.jpg,0
cropped_frames\id1_id2_0007.mp4\id1_id2_0007.mp4_9.jpg,0
cropped_frames\id1_id2_0009.mp4\id1_id2_0009.mp4_1.jpg,0
cropped_frames\id1_id2_0009.mp4\id1_id2_0009.mp4_10.jpg,0
cropped_frames\id1_id2_0009.mp4\id1_id2_0009.mp4_11.jpg,0
cropped_frames\id1_id2_0009.mp4\id1_id2_0009.mp4_12.jpg,0
cropped_frames\id1_id2_0009.mp4\id1_id2_0009.mp4_2.jpg,1
cropped_frames\id1_id2_0009.mp4\id1_id2_0009.mp4_3.jpg,0
cropped_frames\id1_id2_0009.mp4\id1_id2_0009.mp4_4.jpg,0
cropped_frames\id1_id2_0009.mp4\id1_id2_0009.mp4_5.jpg,0
cropped_frames\id1_id2_0009.mp4\id1_id2_0009.mp4_6.jpg,0
cropped_frames\id1_id2_0009.mp4\id1_id2_0009.mp4_7.jpg,0
cropped_frames\id1_id2_0009.mp4\id1_id2_0009.mp4_8.jpg,0
cropped_frames\id1_id2_0009.mp4\id1_id2_0009.mp4_9.jpg,0
cropped_frames\id1_id3_0000.mp4\id1_id3_0000.mp4_1.jpg,1
cropped_frames\id1_id3_0000.mp4\id1_id3_0000.mp4_10.jpg,1
cropped_frames\id1_id3_0000.mp4\id1_id3_0000.mp4_11.jpg,1
cropped_frames\id1_id3_0000.mp4\id1_id3_0000.mp4_12.jpg,1
cropped_frames\id1_id3_0000.mp4\id1_id3_0000.mp4_2.jpg,1
cropped_frames\id1_id3_0000.mp4\id1_id3_0000.mp4_3.jpg,1
cropped_frames\id1_id3_0000.mp4\id1_id3_0000.mp4_4.jpg,1
cropped_frames\id1_id3_0000.mp4\id1_id3_0000.mp4_5.jpg,1
cropped_frames\id1_id3_0000.mp4\id1_id3_0000.mp4_6.jpg,1
cropped_frames\id1_id3_0000.mp4\id1_id3_0000.mp4_7.jpg,1
cropped_frames\id1_id3_0000.mp4\id1_id3_0000.mp4_8.jpg,1
cropped_frames\id1_id3_0000.mp4\id1_id3_0000.mp4_9.jpg,1
cropped_frames\id1_id3_0001.mp4\id1_id3_0001.mp4_1.jpg,0
cropped_frames\id1_id3_0001.mp4\id1_id3_0001.mp4_10.jpg,0
cropped_frames\id1_id3_0001.mp4\id1_id3_0001.mp4_11.jpg,0
cropped_frames\id1_id3_0001.mp4\id1_id3_0001.mp4_12.jpg,0
cropped_frames\id1_id3_0001.mp4\id1_id3_0001.mp4_2.jpg,0
cropped_frames\id1_id3_0001.mp4\id1_id3_0001.mp4_3.jpg,0
cropped_frames\id1_id3_0001.mp4\id1_id3_0001.mp4_4.jpg,0
cropped_frames\id1_id3_0001.mp4\id1_id3_0001.mp4_5.jpg,0
cropped_frames\id1_id3_0001.mp4\id1_id3_0001.mp4_6.jpg,0
cropped_frames\id1_id3_0001.mp4\id1_id3_0001.mp4_7.jpg,0
cropped_frames\id1_id3_0001.mp4\id1_id3_0001.mp4_8.jpg,0
cropped_frames\id1_id3_0001.mp4\id1_id3_0001.mp4_9.jpg,0
cropped_frames\id1_id3_0002.mp4\id1_id3_0002.mp4_1.jpg,0
cropped_frames\id1_id3_0002.mp4\id1_id3_0002.mp4_10.jpg,0
cropped_frames\id1_id3_0002.mp4\id1_id3_0002.mp4_11.jpg,0
cropped_frames\id1_id3_0002.mp4\id1_id3_0002.mp4_12.jpg,0
cropped_frames\id1_id3_0002.mp4\id1_id3_0002.mp4_2.jpg,1
cropped_frames\id1_id3_0002.mp4\id1_id3_0002.mp4_3.jpg,1
cropped_frames\id1_id3_0002.mp4\id1_id3_0002.mp4_4.jpg,1
cropped_frames\id1_id3_0002.mp4\id1_id3_0002.mp4_5.jpg,0
cropped_frames\id1_id3_0002.mp4\id1_id3_0002.mp4_6.jpg,0
cropped_frames\id1_id3_0002.mp4\id1_id3_0002.mp4_7.jpg,0
cropped_frames\id1_id3_0002.mp4\id1_id3_0002.mp4_8.jpg,0
cropped_frames\id1_id3_0002.mp4\id1_id3_0002.mp4_9.jpg,0
cropped_frames\id1_id3_0003.mp4\id1_id3_0003.mp4_1.jpg,0
cropped_frames\id1_id3_0003.mp4\id1_id3_0003.mp4_10.jpg,0
cropped_frames\id1_id3_0003.mp4\id1_id3_0003.mp4_11.jpg,0
cropped_frames\id1_id3_0003.mp4\id1_id3_0003.mp4_12.jpg,0
cropped_frames\id1_id3_0003.mp4\id1_id3_0003.mp4_2.jpg,0
cropped_frames\id1_id3_0003.mp4\id1_id3_0003.mp4_3.jpg,0
cropped_frames\id1_id3_0003.mp4\id1_id3_0003.mp4_4.jpg,0
cropped_frames\id1_id3_0003.mp4\id1_id3_0003.mp4_5.jpg,0
cropped_frames\id1_id3_0003.mp4\id1_id3_0003.mp4_6.jpg,0
cropped_frames\id1_id3_0003.mp4\id1_id3_0003.mp4_7.jpg,0
cropped_frames\id1_id3_0003.mp4\id1_id3_0003.mp4_8.jpg,0
cropped_frames\id1_id3_0003.mp4\id1_id3_0003.mp4_9.jpg,0
cropped_frames\id1_id3_0004.mp4\id1_id3_0004.mp4_1.jpg,0
cropped_frames\id1_id3_0004.mp4\id1_id3_0004.mp4_10.jpg,0
cropped_frames\id1_id3_0004.mp4\id1_id3_0004.mp4_11.jpg,1
cropped_frames\id1_id3_0004.mp4\id1_id3_0004.mp4_12.jpg,1
cropped_frames\id1_id3_0004.mp4\id1_id3_0004.mp4_2.jpg,0
cropped_frames\id1_id3_0004.mp4\id1_id3_0004.mp4_3.jpg,0
cropped_frames\id1_id3_0004.mp4\id1_id3_0004.mp4_4.jpg,0
cropped_frames\id1_id3_0004.mp4\id1_id3_0004.mp4_5.jpg,1
cropped_frames\id1_id3_0004.mp4\id1_id3_0004.mp4_6.jpg,1
cropped_frames\id1_id3_0004.mp4\id1_id3_0004.mp4_7.jpg,1
cropped_frames\id1_id3_0004.mp4\id1_id3_0004.mp4_8.jpg,0
cropped_frames\id1_id3_0004.mp4\id1_id3_0004.mp4_9.jpg,1
cropped_frames\id1_id3_0005.mp4\id1_id3_0005.mp4_1.jpg,1
cropped_frames\id1_id3_0005.mp4\id1_id3_0005.mp4_10.jpg,1
cropped_frames\id1_id3_0005.mp4\id1_id3_0005.mp4_11.jpg,1
cropped_frames\id1_id3_0005.mp4\id1_id3_0005.mp4_12.jpg,1
cropped_frames\id1_id3_0005.mp4\id1_id3_0005.mp4_2.jpg,1
cropped_frames\id1_id3_0005.mp4\id1_id3_0005.mp4_3.jpg,1
cropped_frames\id1_id3_0005.mp4\id1_id3_0005.mp4_4.jpg,1
cropped_frames\id1_id3_0005.mp4\id1_id3_0005.mp4_5.jpg,1
cropped_frames\id1_id3_0005.mp4\id1_id3_0005.mp4_6.jpg,1
cropped_frames\id1_id3_0005.mp4\id1_id3_0005.mp4_7.jpg,1
cropped_frames\id1_id3_0005.mp4\id1_id3_0005.mp4_8.jpg,1
cropped_frames\id1_id3_0005.mp4\id1_id3_0005.mp4_9.jpg,1
cropped_frames\id1_id3_0006.mp4\id1_id3_0006.mp4_1.jpg,0
cropped_frames\id1_id3_0006.mp4\id1_id3_0006.mp4_10.jpg,0
cropped_frames\id1_id3_0006.mp4\id1_id3_0006.mp4_11.jpg,0
cropped_frames\id1_id3_0006.mp4\id1_id3_0006.mp4_12.jpg,0
cropped_frames\id1_id3_0006.mp4\id1_id3_0006.mp4_2.jpg,0
cropped_frames\id1_id3_0006.mp4\id1_id3_0006.mp4_3.jpg,0
cropped_frames\id1_id3_0006.mp4\id1_id3_0006.mp4_4.jpg,0
cropped_frames\id1_id3_0006.mp4\id1_id3_0006.mp4_5.jpg,0
cropped_frames\id1_id3_0006.mp4\id1_id3_0006.mp4_6.jpg,0
cropped_frames\id1_id3_0006.mp4\id1_id3_0006.mp4_7.jpg,0
cropped_frames\id1_id3_0006.mp4\id1_id3_0006.mp4_8.jpg,0
cropped_frames\id1_id3_0006.mp4\id1_id3_0006.mp4_9.jpg,0
cropped_frames\id1_id3_0007.mp4\id1_id3_0007.mp4_1.jpg,0
cropped_frames\id1_id3_0007.mp4\id1_id3_0007.mp4_10.jpg,0
cropped_frames\id1_id3_0007.mp4\id1_id3_0007.mp4_11.jpg,0
cropped_frames\id1_id3_0007.mp4\id1_id3_0007.mp4_12.jpg,0
cropped_frames\id1_id3_0007.mp4\id1_id3_0007.mp4_2.jpg,0
cropped_frames\id1_id3_0007.mp4\id1_id3_0007.mp4_3.jpg,0
cropped_frames\id1_id3_0007.mp4\id1_id3_0007.mp4_4.jpg,0
cropped_frames\id1_id3_0007.mp4\id1_id3_0007.mp4_5.jpg,0
cropped_frames\id1_id3_0007.mp4\id1_id3_0007.mp4_6.jpg,0
cropped_frames\id1_id3_0007.mp4\id1_id3_0007.mp4_7.jpg,0
cropped_frames\id1_id3_0007.mp4\id1_id3_0007.mp4_8.jpg,0
cropped_frames\id1_id3_0007.mp4\id1_id3_0007.mp4_9.jpg,0
cropped_frames\id1_id3_0009.mp4\id1_id3_0009.mp4_1.jpg,0
cropped_frames\id1_id3_0009.mp4\id1_id3_0009.mp4_10.jpg,0
cropped_frames\id1_id3_0009.mp4\id1_id3_0009.mp4_11.jpg,0
cropped_frames\id1_id3_0009.mp4\id1_id3_0009.mp4_12.jpg,0
cropped_frames\id1_id3_0009.mp4\id1_id3_0009.mp4_2.jpg,0
cropped_frames\id1_id3_0009.mp4\id1_id3_0009.mp4_3.jpg,0
cropped_frames\id1_id3_0009.mp4\id1_id3_0009.mp4_4.jpg,0
cropped_frames\id1_id3_0009.mp4\id1_id3_0009.mp4_5.jpg,0
cropped_frames\id1_id3_0009.mp4\id1_id3_0009.mp4_6.jpg,0
cropped_frames\id1_id3_0009.mp4\id1_id3_0009.mp4_7.jpg,0
cropped_frames\id1_id3_0009.mp4\id1_id3_0009.mp4_8.jpg,1
cropped_frames\id1_id3_0009.mp4\id1_id3_0009.mp4_9.jpg,1
cropped_frames\id2_0000.mp4\id2_0000.mp4_1.jpg,1
cropped_frames\id2_0000.mp4\id2_0000.mp4_10.jpg,1
cropped_frames\id2_0000.mp4\id2_0000.mp4_11.jpg,1
cropped_frames\id2_0000.mp4\id2_0000.mp4_12.jpg,1
cropped_frames\id2_0000.mp4\id2_0000.mp4_2.jpg,1
cropped_frames\id2_0000.mp4\id2_0000.mp4_3.jpg,1
cropped_frames\id2_0000.mp4\id2_0000.mp4_4.jpg,1
cropped_frames\id2_0000.mp4\id2_0000.mp4_5.jpg,1
cropped_frames\id2_0000.mp4\id2_0000.mp4_6.jpg,1
cropped_frames\id2_0000.mp4\id2_0000.mp4_7.jpg,1
cropped_frames\id2_0000.mp4\id2_0000.mp4_8.jpg,1
cropped_frames\id2_0000.mp4\id2_0000.mp4_9.jpg,1
cropped_frames\id2_0001.mp4\id2_0001.mp4_1.jpg,0
cropped_frames\id2_0001.mp4\id2_0001.mp4_10.jpg,0
cropped_frames\id2_0001.mp4\id2_0001.mp4_11.jpg,0
cropped_frames\id2_0001.mp4\id2_0001.mp4_12.jpg,0
cropped_frames\id2_0001.mp4\id2_0001.mp4_2.jpg,0
cropped_frames\id2_0001.mp4\id2_0001.mp4_3.jpg,0
cropped_frames\id2_0001.mp4\id2_0001.mp4_4.jpg,0
cropped_frames\id2_0001.mp4\id2_0001.mp4_5.jpg,1
cropped_frames\id2_0001.mp4\id2_0001.mp4_6.jpg,1
cropped_frames\id2_0001.mp4\id2_0001.mp4_7.jpg,0
cropped_frames\id2_0001.mp4\id2_0001.mp4_8.jpg,0
cropped_frames\id2_0001.mp4\id2_0001.mp4_9.jpg,0
cropped_frames\id2_0002.mp4\id2_0002.mp4_1.jpg,0
cropped_frames\id2_0002.mp4\id2_0002.mp4_10.jpg,0
cropped_frames\id2_0002.mp4\id2_0002.mp4_11.jpg,1
cropped_frames\id2_0002.mp4\id2_0002.mp4_12.jpg,1
cropped_frames\id2_0002.mp4\id2_0002.mp4_2.jpg,1
cropped_frames\id2_0002.mp4\id2_0002.mp4_3.jpg,0
cropped_frames\id2_0002.mp4\id2_0002.mp4_4.jpg,0
cropped_frames\id2_0002.mp4\id2_0002.mp4_5.jpg,0
cropped_frames\id2_0002.mp4\id2_0002.mp4_6.jpg,0
cropped_frames\id2_0002.mp4\id2_0002.mp4_7.jpg,0
cropped_frames\id2_0002.mp4\id2_0002.mp4_8.jpg,1
cropped_frames\id2_0002.mp4\id2_0002.mp4_9.jpg,0
cropped_frames\id2_0003.mp4\id2_0003.mp4_1.jpg,0
cropped_frames\id2_0003.mp4\id2_0003.mp4_10.jpg,0
cropped_frames\id2_0003.mp4\id2_0003.mp4_11.jpg,0
cropped_frames\id2_0003.mp4\id2_0003.mp4_12.jpg,1
cropped_frames\id2_0003.mp4\id2_0003.mp4_2.jpg,0
cropped_frames\id2_0003.mp4\id2_0003.mp4_3.jpg,0
cropped_frames\id2_0003.mp4\id2_0003.mp4_4.jpg,0
cropped_frames\id2_0003.mp4\id2_0003.mp4_5.jpg,0
cropped_frames\id2_0003.mp4\id2_0003.mp4_6.jpg,0
cropped_frames\id2_0003.mp4\id2_0003.mp4_7.jpg,0
cropped_frames\id2_0003.mp4\id2_0003.mp4_8.jpg,0
cropped_frames\id2_0003.mp4\id2_0003.mp4_9.jpg,0
cropped_frames\id2_0004.mp4\id2_0004.mp4_1.jpg,0
cropped_frames\id2_0004.mp4\id2_0004.mp4_10.jpg,0
cropped_frames\id2_0004.mp4\id2_0004.mp4_11.jpg,0
cropped_frames\id2_0004.mp4\id2_0004.mp4_12.jpg,0
cropped_frames\id2_0004.mp4\id2_0004.mp4_2.jpg,0
cropped_frames\id2_0004.mp4\id2_0004.mp4_3.jpg,0
cropped_frames\id2_0004.mp4\id2_0004.mp4_4.jpg,0
cropped_frames\id2_0004.mp4\id2_0004.mp4_5.jpg,0
cropped_frames\id2_0004.mp4\id2_0004.mp4_6.jpg,0
cropped_frames\id2_0004.mp4\id2_0004.mp4_7.jpg,0
cropped_frames\id2_0004.mp4\id2_0004.mp4_8.jpg,0
cropped_frames\id2_0004.mp4\id2_0004.mp4_9.jpg,0
cropped_frames\id2_0005.mp4\id2_0005.mp4_1.jpg,1
cropped_frames\id2_0005.mp4\id2_0005.mp4_10.jpg,1
cropped_frames\id2_0005.mp4\id2_0005.mp4_11.jpg,1
cropped_frames\id2_0005.mp4\id2_0005.mp4_12.jpg,1
cropped_frames\id2_0005.mp4\id2_0005.mp4_2.jpg,1
cropped_frames\id2_0005.mp4\id2_0005.mp4_3.jpg,1
cropped_frames\id2_0005.mp4\id2_0005.mp4_4.jpg,1
cropped_frames\id2_0005.mp4\id2_0005.mp4_5.jpg,1
cropped_frames\id2_0005.mp4\id2_0005.mp4_6.jpg,1
cropped_frames\id2_0005.mp4\id2_0005.mp4_7.jpg,1
cropped_frames\id2_0005.mp4\id2_0005.mp4_8.jpg,1
cropped_frames\id2_0005.mp4\id2_0005.mp4_9.jpg,1
cropped_frames\id2_0006.mp4\id2_0006.mp4_1.jpg,0
cropped_frames\id2_0006.mp4\id2_0006.mp4_10.jpg,0
cropped_frames\id2_0006.mp4\id2_0006.mp4_11.jpg,0
cropped_frames\id2_0006.mp4\id2_0006.mp4_12.jpg,0
cropped_frames\id2_0006.mp4\id2_0006.mp4_2.jpg,0
cropped_frames\id2_0006.mp4\id2_0006.mp4_3.jpg,0
cropped_frames\id2_0006.mp4\id2_0006.mp4_4.jpg,0
cropped_frames\id2_0006.mp4\id2_0006.mp4_5.jpg,0
cropped_frames\id2_0006.mp4\id2_0006.mp4_6.jpg,0
cropped_frames\id2_0006.mp4\id2_0006.mp4_7.jpg,0
cropped_frames\id2_0006.mp4\id2_0006.mp4_8.jpg,0
cropped_frames\id2_0006.mp4\id2_0006.mp4_9.jpg,0
cropped_frames\id2_0007.mp4\id2_0007.mp4_1.jpg,1
cropped_frames\id2_0007.mp4\id2_0007.mp4_10.jpg,1
cropped_frames\id2_0007.mp4\id2_0007.mp4_11.jpg,1
cropped_frames\id2_0007.mp4\id2_0007.mp4_12.jpg,1
cropped_frames\id2_0007.mp4\id2_0007.mp4_2.jpg,1
cropped_frames\id2_0007.mp4\id2_0007.mp4_3.jpg,1
cropped_frames\id2_0007.mp4\id2_0007.mp4_4.jpg,1
cropped_frames\id2_0007.mp4\id2_0007.mp4_5.jpg,1
cropped_frames\id2_0007.mp4\id2_0007.mp4_6.jpg,1
cropped_frames\id2_0007.mp4\id2_0007.mp4_7.jpg,1
cropped_frames\id2_0007.mp4\id2_0007.mp4_8.jpg,1
cropped_frames\id2_0007.mp4\id2_0007.mp4_9.jpg,1
cropped_frames\id2_0008.mp4\id2_0008.mp4_1.jpg,0
cropped_frames\id2_0008.mp4\id2_0008.mp4_10.jpg,1
cropped_frames\id2_0008.mp4\id2_0008.mp4_11.jpg,1
cropped_frames\id2_0008.mp4\id2_0008.mp4_12.jpg,1
cropped_frames\id2_0008.mp4\id2_0008.mp4_2.jpg,1
cropped_frames\id2_0008.mp4\id2_0008.mp4_3.jpg,1
cropped_frames\id2_0008.mp4\id2_0008.mp4_4.jpg,1
cropped_frames\id2_0008.mp4\id2_0008.mp4_5.jpg,1
cropped_frames\id2_0008.mp4\id2_0008.mp4_6.jpg,1
cropped_frames\id2_0008.mp4\id2_0008.mp4_7.jpg,1
cropped_frames\id2_0008.mp4\id2_0008.mp4_8.jpg,1
cropped_frames\id2_0008.mp4\id2_0008.mp4_9.jpg,1
cropped_frames\id2_0009.mp4\id2_0009.mp4_1.jpg,0
cropped_frames\id2_0009.mp4\id2_0009.mp4_10.jpg,0
cropped_frames\id2_0009.mp4\id2_0009.mp4_11.jpg,0
cropped_frames\id2_0009.mp4\id2_0009.mp4_12.jpg,0
cropped_frames\id2_0009.mp4\id2_0009.mp4_2.jpg,0
cropped_frames\id2_0009.mp4\id2_0009.mp4_3.jpg,0
cropped_frames\id2_0009.mp4\id2_0009.mp4_4.jpg,1
cropped_frames\id2_0009.mp4\id2_0009.mp4_5.jpg,0
cropped_frames\id2_0009.mp4\id2_0009.mp4_6.jpg,0
cropped_frames\id2_0009.mp4\id2_0009.mp4_7.jpg,0
cropped_frames\id2_0009.mp4\id2_0009.mp4_8.jpg,0
cropped_frames\id2_0009.mp4\id2_0009.mp4_9.jpg,0
cropped_frames\id2_id1_0000.mp4\id2_id1_0000.mp4_1.jpg,1
cropped_frames\id2_id1_0000.mp4\id2_id1_0000.mp4_10.jpg,0
cropped_frames\id2_id1_0000.mp4\id2_id1_0000.mp4_11.jpg,0
cropped_frames\id2_id1_0000.mp4\id2_id1_0000.mp4_12.jpg,1
cropped_frames\id2_id1_0000.mp4\id2_id1_0000.mp4_2.jpg,0
cropped_frames\id2_id1_0000.mp4\id2_id1_0000.mp4_3.jpg,1
cropped_frames\id2_id1_0000.mp4\id2_id1_0000.mp4_4.jpg,0
cropped_frames\id2_id1_0000.mp4\id2_id1_0000.mp4_5.jpg,0
cropped_frames\id2_id1_0000.mp4\id2_id1_0000.mp4_6.jpg,1
cropped_frames\id2_id1_0000.mp4\id2_id1_0000.mp4_7.jpg,1
cropped_frames\id2_id1_0000.mp4\id2_id1_0000.mp4_8.jpg,1
cropped_frames\id2_id1_0000.mp4\id2_id1_0000.mp4_9.jpg,1
cropped_frames\id2_id1_0001.mp4\id2_id1_0001.mp4_1.jpg,0
cropped_frames\id2_id1_0001.mp4\id2_id1_0001.mp4_10.jpg,1
cropped_frames\id2_id1_0001.mp4\id2_id1_0001.mp4_11.jpg,0
cropped_frames\id2_id1_0001.mp4\id2_id1_0001.mp4_12.jpg,0
cropped_frames\id2_id1_0001.mp4\id2_id1_0001.mp4_2.jpg,0
cropped_frames\id2_id1_0001.mp4\id2_id1_0001.mp4_3.jpg,0
cropped_frames\id2_id1_0001.mp4\id2_id1_0001.mp4_4.jpg,1
cropped_frames\id2_id1_0001.mp4\id2_id1_0001.mp4_5.jpg,0
cropped_frames\id2_id1_0001.mp4\id2_id1_0001.mp4_6.jpg,0
cropped_frames\id2_id1_0001.mp4\id2_id1_0001.mp4_7.jpg,0
cropped_frames\id2_id1_0001.mp4\id2_id1_0001.mp4_8.jpg,0
cropped_frames\id2_id1_0001.mp4\id2_id1_0001.mp4_9.jpg,0
cropped_frames\id2_id1_0002.mp4\id2_id1_0002.mp4_1.jpg,0
cropped_frames\id2_id1_0002.mp4\id2_id1_0002.mp4_10.jpg,0
cropped_frames\id2_id1_0002.mp4\id2_id1_0002.mp4_11.jpg,0
cropped_frames\id2_id1_0002.mp4\id2_id1_0002.mp4_12.jpg,0
cropped_frames\id2_id1_0002.mp4\id2_id1_0002.mp4_2.jpg,0
cropped_frames\id2_id1_0002.mp4\id2_id1_0002.mp4_3.jpg,0
cropped_frames\id2_id1_0002.mp4\id2_id1_0002.mp4_4.jpg,0
cropped_frames\id2_id1_0002.mp4\id2_id1_0002.mp4_5.jpg,0
cropped_frames\id2_id1_0002.mp4\id2_id1_0002.mp4_6.jpg,0
cropped_frames\id2_id1_0002.mp4\id2_id1_0002.mp4_7.jpg,0
cropped_frames\id2_id1_0002.mp4\id2_id1_0002.mp4_8.jpg,0
cropped_frames\id2_id1_0002.mp4\id2_id1_0002.mp4_9.jpg,0
cropped_frames\id2_id1_0003.mp4\id2_id1_0003.mp4_1.jpg,0
cropped_frames\id2_id1_0003.mp4\id2_id1_0003.mp4_10.jpg,0
cropped_frames\id2_id1_0003.mp4\id2_id1_0003.mp4_11.jpg,0
cropped_frames\id2_id1_0003.mp4\id2_id1_0003.mp4_12.jpg,0
cropped_frames\id2_id1_0003.mp4\id2_id1_0003.mp4_2.jpg,0
cropped_frames\id2_id1_0003.mp4\id2_id1_0003.mp4_3.jpg,0
cropped_frames\id2_id1_0003.mp4\id2_id1_0003.mp4_4.jpg,0
cropped_frames\id2_id1_0003.mp4\id2_id1_0003.mp4_5.jpg,0
cropped_frames\id2_id1_0003.mp4\id2_id1_0003.mp4_6.jpg,0
cropped_frames\id2_id1_0003.mp4\id2_id1_0003.mp4_7.jpg,0
cropped_frames\id2_id1_0003.mp4\id2_id1_0003.mp4_8.jpg,0
cropped_frames\id2_id1_0003.mp4\id2_id1_0003.mp4_9.jpg,0
cropped_frames\id2_id1_0004.mp4\id2_id1_0004.mp4_1.jpg,0
cropped_frames\id2_id1_0004.mp4\id2_id1_0004.mp4_10.jpg,0
cropped_frames\id2_id1_0004.mp4\id2_id1_0004.mp4_11.jpg,0
cropped_frames\id2_id1_0004.mp4\id2_id1_0004.mp4_12.jpg,0
cropped_frames\id2_id1_0004.mp4\id2_id1_0004.mp4_2.jpg,0
cropped_frames\id2_id1_0004.mp4\id2_id1_0004.mp4_3.jpg,0
cropped_frames\id2_id1_0004.mp4\id2_id1_0004.mp4_4.jpg,0
cropped_frames\id2_id1_0004.mp4\id2_id1_0004.mp4_5.jpg,0
cropped_frames\id2_id1_0004.mp4\id2_id1_0004.mp4_6.jpg,0
cropped_frames\id2_id1_0004.mp4\id2_id1_0004.mp4_7.jpg,0
cropped_frames\id2_id1_0004.mp4\id2_id1_0004.mp4_8.jpg,0
cropped_frames\id2_id1_0004.mp4\id2_id1_0004.mp4_9.jpg,0
cropped_frames\id2_id1_0005.mp4\id2_id1_0005.mp4_1.jpg,0
cropped_frames\id2_id1_0005.mp4\id2_id1_0005.mp4_10.jpg,0
cropped_frames\id2_id1_0005.mp4\id2_id1_0005.mp4_11.jpg,0
cropped_frames\id2_id1_0005.mp4\id2_id1_0005.mp4_12.jpg,0
cropped_frames\id2_id1_0005.mp4\id2_id1_0005.mp4_2.jpg,0
cropped_frames\id2_id1_0005.mp4\id2_id1_0005.mp4_3.jpg,1
cropped_frames\id2_id1_0005.mp4\id2_id1_0005.mp4_4.jpg,0
cropped_frames\id2_id1_0005.mp4\id2_id1_0005.mp4_5.jpg,1
cropped_frames\id2_id1_0005.mp4\id2_id1_0005.mp4_6.jpg,1
cropped_frames\id2_id1_0005.mp4\id2_id1_0005.mp4_7.jpg,1
cropped_frames\id2_id1_0005.mp4\id2_id1_0005.mp4_8.jpg,1
cropped_frames\id2_id1_0005.mp4\id2_id1_0005.mp4_9.jpg,1
cropped_frames\id2_id1_0006.mp4\id2_id1_0006.mp4_1.jpg,0
cropped_frames\id2_id1_0006.mp4\id2_id1_0006.mp4_10.jpg,0
cropped_frames\id2_id1_0006.mp4\id2_id1_0006.mp4_11.jpg,0
cropped_frames\id2_id1_0006.mp4\id2_id1_0006.mp4_12.jpg,0
cropped_frames\id2_id1_0006.mp4\id2_id1_0006.mp4_2.jpg,0
cropped_frames\id2_id1_0006.mp4\id2_id1_0006.mp4_3.jpg,0
cropped_frames\id2_id1_0006.mp4\id2_id1_0006.mp4_4.jpg,0
cropped_frames\id2_id1_0006.mp4\id2_id1_0006.mp4_5.jpg,0
cropped_frames\id2_id1_0006.mp4\id2_id1_0006.mp4_6.jpg,0
cropped_frames\id2_id1_0006.mp4\id2_id1_0006.mp4_7.jpg,0
cropped_frames\id2_id1_0006.mp4\id2_id1_0006.mp4_8.jpg,0
cropped_frames\id2_id1_0006.mp4\id2_id1_0006.mp4_9.jpg,0
cropped_frames\id2_id1_0007.mp4\id2_id1_0007.mp4_1.jpg,1
cropped_frames\id2_id1_0007.mp4\id2_id1_0007.mp4_10.jpg,1
cropped_frames\id2_id1_0007.mp4\id2_id1_0007.mp4_11.jpg,0
cropped_frames\id2_id1_0007.mp4\id2_id1_0007.mp4_12.jpg,1
cropped_frames\id2_id1_0007.mp4\id2_id1_0007.mp4_2.jpg,1
cropped_frames\id2_id1_0007.mp4\id2_id1_0007.mp4_3.jpg,1
cropped_frames\id2_id1_0007.mp4\id2_id1_0007.mp4_4.jpg,1
cropped_frames\id2_id1_0007.mp4\id2_id1_0007.mp4_5.jpg,1
cropped_frames\id2_id1_0007.mp4\id2_id1_0007.mp4_6.jpg,1
cropped_frames\id2_id1_0007.mp4\id2_id1_0007.mp4_7.jpg,1
cropped_frames\id2_id1_0007.mp4\id2_id1_0007.mp4_8.jpg,0
cropped_frames\id2_id1_0007.mp4\id2_id1_0007.mp4_9.jpg,0
cropped_frames\id2_id1_0008.mp4\id2_id1_0008.mp4_1.jpg,1
cropped_frames\id2_id1_0008.mp4\id2_id1_0008.mp4_10.jpg,1
cropped_frames\id2_id1_0008.mp4\id2_id1_0008.mp4_11.jpg,0
cropped_frames\id2_id1_0008.mp4\id2_id1_0008.mp4_12.jpg,0
cropped_frames\id2_id1_0008.mp4\id2_id1_0008.mp4_2.jpg,1
cropped_frames\id2_id1_0008.mp4\id2_id1_0008.mp4_3.jpg,1
cropped_frames\id2_id1_0008.mp4\id2_id1_0008.mp4_4.jpg,1
cropped_frames\id2_id1_0008.mp4\id2_id1_0008.mp4_5.jpg,1
cropped_frames\id2_id1_0008.mp4\id2_id1_0008.mp4_6.jpg,0
cropped_frames\id2_id1_0008.mp4\id2_id1_0008.mp4_7.jpg,0
cropped_frames\id2_id1_0008.mp4\id2_id1_0008.mp4_8.jpg,1
cropped_frames\id2_id1_0008.mp4\id2_id1_0008.mp4_9.jpg,1
cropped_frames\id2_id1_0009.mp4\id2_id1_0009.mp4_1.jpg,0
cropped_frames\id2_id1_0009.mp4\id2_id1_0009.mp4_10.jpg,0
cropped_frames\id2_id1_0009.mp4\id2_id1_0009.mp4_11.jpg,0
cropped_frames\id2_id1_0009.mp4\id2_id1_0009.mp4_12.jpg,0
cropped_frames\id2_id1_0009.mp4\id2_id1_0009.mp4_2.jpg,0
cropped_frames\id2_id1_0009.mp4\id2_id1_0009.mp4_3.jpg,0
cropped_frames\id2_id1_0009.mp4\id2_id1_0009.mp4_4.jpg,0
cropped_frames\id2_id1_0009.mp4\id2_id1_0009.mp4_5.jpg,0
cropped_frames\id2_id1_0009.mp4\id2_id1_0009.mp4_6.jpg,0
cropped_frames\id2_id1_0009.mp4\id2_id1_0009.mp4_7.jpg,0
cropped_frames\id2_id1_0009.mp4\id2_id1_0009.mp4_8.jpg,0
cropped_frames\id2_id1_0009.mp4\id2_id1_0009.mp4_9.jpg,0
cropped_frames\id2_id3_0000.mp4\id2_id3_0000.mp4_1.jpg,1
cropped_frames\id2_id3_0000.mp4\id2_id3_0000.mp4_10.jpg,1
cropped_frames\id2_id3_0000.mp4\id2_id3_0000.mp4_11.jpg,1
cropped_frames\id2_id3_0000.mp4\id2_id3_0000.mp4_12.jpg,1
cropped_frames\id2_id3_0000.mp4\id2_id3_0000.mp4_2.jpg,1
cropped_frames\id2_id3_0000.mp4\id2_id3_0000.mp4_3.jpg,1
cropped_frames\id2_id3_0000.mp4\id2_id3_0000.mp4_4.jpg,1
cropped_frames\id2_id3_0000.mp4\id2_id3_0000.mp4_5.jpg,1
cropped_frames\id2_id3_0000.mp4\id2_id3_0000.mp4_6.jpg,1
cropped_frames\id2_id3_0000.mp4\id2_id3_0000.mp4_7.jpg,1
cropped_frames\id2_id3_0000.mp4\id2_id3_0000.mp4_8.jpg,1
cropped_frames\id2_id3_0000.mp4\id2_id3_0000.mp4_9.jpg,1
cropped_frames\id2_id3_0001.mp4\id2_id3_0001.mp4_1.jpg,1
cropped_frames\id2_id3_0001.mp4\id2_id3_0001.mp4_10.jpg,1
cropped_frames\id2_id3_0001.mp4\id2_id3_0001.mp4_11.jpg,0
cropped_frames\id2_id3_0001.mp4\id2_id3_0001.mp4_12.jpg,0
cropped_frames\id2_id3_0001.mp4\id2_id3_0001.mp4_2.jpg,0
cropped_frames\id2_id3_0001.mp4\id2_id3_0001.mp4_3.jpg,0
cropped_frames\id2_id3_0001.mp4\id2_id3_0001.mp4_4.jpg,0
cropped_frames\id2_id3_0001.mp4\id2_id3_0001.mp4_5.jpg,0
cropped_frames\id2_id3_0001.mp4\id2_id3_0001.mp4_6.jpg,0
cropped_frames\id2_id3_0001.mp4\id2_id3_0001.mp4_7.jpg,0
cropped_frames\id2_id3_0001.mp4\id2_id3_0001.mp4_8.jpg,0
cropped_frames\id2_id3_0001.mp4\id2_id3_0001.mp4_9.jpg,0
cropped_frames\id2_id3_0002.mp4\id2_id3_0002.mp4_1.jpg,0
cropped_frames\id2_id3_0002.mp4\id2_id3_0002.mp4_10.jpg,0
cropped_frames\id2_id3_0002.mp4\id2_id3_0002.mp4_11.jpg,0
cropped_frames\id2_id3_0002.mp4\id2_id3_0002.mp4_12.jpg,0
cropped_frames\id2_id3_0002.mp4\id2_id3_0002.mp4_2.jpg,0
cropped_frames\id2_id3_0002.mp4\id2_id3_0002.mp4_3.jpg,0
cropped_frames\id2_id3_0002.mp4\id2_id3_0002.mp4_4.jpg,0
cropped_frames\id2_id3_0002.mp4\id2_id3_0002.mp4_5.jpg,0
cropped_frames\id2_id3_0002.mp4\id2_id3_0002.mp4_6.jpg,0
cropped_frames\id2_id3_0002.mp4\id2_id3_0002.mp4_7.jpg,0
cropped_frames\id2_id3_0002.mp4\id2_id3_0002.mp4_8.jpg,0
cropped_frames\id2_id3_0002.mp4\id2_id3_0002.mp4_9.jpg,0
cropped_frames\id2_id3_0003.mp4\id2_id3_0003.mp4_1.jpg,0
cropped_frames\id2_id3_0003.mp4\id2_id3_0003.mp4_10.jpg,0
cropped_frames\id2_id3_0003.mp4\id2_id3_0003.mp4_11.jpg,0
cropped_frames\id2_id3_0003.mp4\id2_id3_0003.mp4_12.jpg,0
cropped_frames\id2_id3_0003.mp4\id2_id3_0003.mp4_2.jpg,0
cropped_frames\id2_id3_0003.mp4\id2_id3_0003.mp4_3.jpg,1
cropped_frames\id2_id3_0003.mp4\id2_id3_0003.mp4_4.jpg,1
cropped_frames\id2_id3_0003.mp4\id2_id3_0003.mp4_5.jpg,0
cropped_frames\id2_id3_0003.mp4\id2_id3_0003.mp4_6.jpg,0
cropped_frames\id2_id3_0003.mp4\id2_id3_0003.mp4_7.jpg,0
cropped_frames\id2_id3_0003.mp4\id2_id3_0003.mp4_8.jpg,0
cropped_frames\id2_id3_0003.mp4\id2_id3_0003.mp4_9.jpg,0
cropped_frames\id2_id3_0004.mp4\id2_id3_0004.mp4_1.jpg,0
cropped_frames\id2_id3_0004.mp4\id2_id3_0004.mp4_10.jpg,0
cropped_frames\id2_id3_0004.mp4\id2_id3_0004.mp4_11.jpg,0
cropped_frames\id2_id3_0004.mp4\id2_id3_0004.mp4_12.jpg,0
cropped_frames\id2_id3_0004.mp4\id2_id3_0004.mp4_2.jpg,0
cropped_frames\id2_id3_0004.mp4\id2_id3_0004.mp4_3.jpg,0
cropped_frames\id2_id3_0004.mp4\id2_id3_0004.mp4_4.jpg,0
cropped_frames\id2_id3_0004.mp4\id2_id3_0004.mp4_5.jpg,0
cropped_frames\id2_id3_0004.mp4\id2_id3_0004.mp4_6.jpg,0
cropped_frames\id2_id3_0004.mp4\id2_id3_0004.mp4_7.jpg,0
cropped_frames\id2_id3_0004.mp4\id2_id3_0004.mp4_8.jpg,0
cropped_frames\id2_id3_0004.mp4\id2_id3_0004.mp4_9.jpg,0
cropped_frames\id2_id3_0005.mp4\id2_id3_0005.mp4_1.jpg,1
cropped_frames\id2_id3_0005.mp4\id2_id3_0005.mp4_10.jpg,1
cropped_frames\id2_id3_0005.mp4\id2_id3_0005.mp4_11.jpg,1
cropped_frames\id2_id3_0005.mp4\id2_id3_0005.mp4_12.jpg,1
cropped_frames\id2_id3_0005.mp4\id2_id3_0005.mp4_2.jpg,1
cropped_frames\id2_id3_0005.mp4\id2_id3_0005.mp4_3.jpg,1
cropped_frames\id2_id3_0005.mp4\id2_id3_0005.mp4_4.jpg,1
cropped_frames\id2_id3_0005.mp4\id2_id3_0005.mp4_5.jpg,1
cropped_frames\id2_id3_0005.mp4\id2_id3_0005.mp4_6.jpg,1
cropped_frames\id2_id3_0005.mp4\id2_id3_0005.mp4_7.jpg,1
cropped_frames\id2_id3_0005.mp4\id2_id3_0005.mp4_8.jpg,1
cropped_frames\id2_id3_0005.mp4\id2_id3_0005.mp4_9.jpg,1
cropped_frames\id2_id3_0006.mp4\id2_id3_0006.mp4_1.jpg,0
cropped_frames\id2_id3_0006.mp4\id2_id3_0006.mp4_10.jpg,0
cropped_frames\id2_id3_0006.mp4\id2_id3_0006.mp4_11.jpg,0
cropped_frames\id2_id3_0006.mp4\id2_id3_0006.mp4_12.jpg,0
cropped_frames\id2_id3_0006.mp4\id2_id3_0006.mp4_2.jpg,0
cropped_frames\id2_id3_0006.mp4\id2_id3_0006.mp4_3.jpg,0
cropped_frames\id2_id3_0006.mp4\id2_id3_0006.mp4_4.jpg,0
cropped_frames\id2_id3_0006.mp4\id2_id3_0006.mp4_5.jpg,0
cropped_frames\id2_id3_0006.mp4\id2_id3_0006.mp4_6.jpg,0
cropped_frames\id2_id3_0006.mp4\id2_id3_0006.mp4_7.jpg,0
cropped_frames\id2_id3_0006.mp4\id2_id3_0006.mp4_8.jpg,0
cropped_frames\id2_id3_0006.mp4\id2_id3_0006.mp4_9.jpg,0
cropped_frames\id2_id3_0007.mp4\id2_id3_0007.mp4_1.jpg,1
cropped_frames\id2_id3_0007.mp4\id2_id3_0007.mp4_10.jpg,1
cropped_frames\id2_id3_0007.mp4\id2_id3_0007.mp4_11.jpg,1
cropped_frames\id2_id3_0007.mp4\id2_id3_0007.mp4_12.jpg,1
cropped_frames\id2_id3_0007.mp4\id2_id3_0007.mp4_2.jpg,1
cropped_frames\id2_id3_0007.mp4\id2_id3_0007.mp4_3.jpg,1
cropped_frames\id2_id3_0007.mp4\id2_id3_0007.mp4_4.jpg,1
cropped_frames\id2_id3_0007.mp4\id2_id3_0007.mp4_5.jpg,1
cropped_frames\id2_id3_0007.mp4\id2_id3_0007.mp4_6.jpg,1
cropped_frames\id2_id3_0007.mp4\id2_id3_0007.mp4_7.jpg,1
cropped_frames\id2_id3_0007.mp4\id2_id3_0007.mp4_8.jpg,1
cropped_frames\id2_id3_0007.mp4\id2_id3_0007.mp4_9.jpg,1
cropped_frames\id2_id3_0008.mp4\id2_id3_0008.mp4_1.jpg,0
cropped_frames\id2_id3_0008.mp4\id2_id3_0008.mp4_10.jpg,1
cropped_frames\id2_id3_0008.mp4\id2_id3_0008.mp4_11.jpg,1
cropped_frames\id2_id3_0008.mp4\id2_id3_0008.mp4_12.jpg,1
cropped_frames\id2_id3_0008.mp4\id2_id3_0008.mp4_2.jpg,1
cropped_frames\id2_id3_0008.mp4\id2_id3_0008.mp4_3.jpg,1
cropped_frames\id2_id3_0008.mp4\id2_id3_0008.mp4_4.jpg,1
cropped_frames\id2_id3_0008.mp4\id2_id3_0008.mp4_5.jpg,1
cropped_frames\id2_id3_0008.mp4\id2_id3_0008.mp4_6.jpg,1
cropped_frames\id2_id3_0008.mp4\id2_id3_0008.mp4_7.jpg,1
cropped_frames\id2_id3_0008.mp4\id2_id3_0008.mp4_8.jpg,1
cropped_frames\id2_id3_0008.mp4\id2_id3_0008.mp4_9.jpg,1
cropped_frames\id2_id3_0009.mp4\id2_id3_0009.mp4_1.jpg,0
cropped_frames\id2_id3_0009.mp4\id2_id3_0009.mp4_10.jpg,0
cropped_frames\id2_id3_0009.mp4\id2_id3_0009.mp4_11.jpg,0
cropped_frames\id2_id3_0009.mp4\id2_id3_0009.mp4_12.jpg,0
cropped_frames\id2_id3_0009.mp4\id2_id3_0009.mp4_2.jpg,0
cropped_frames\id2_id3_0009.mp4\id2_id3_0009.mp4_3.jpg,0
cropped_frames\id2_id3_0009.mp4\id2_id3_0009.mp4_4.jpg,0
cropped_frames\id2_id3_0009.mp4\id2_id3_0009.mp4_5.jpg,0
cropped_frames\id2_id3_0009.mp4\id2_id3_0009.mp4_6.jpg,0
cropped_frames\id2_id3_0009.mp4\id2_id3_0009.mp4_7.jpg,0
cropped_frames\id2_id3_0009.mp4\id2_id3_0009.mp4_8.jpg,0
cropped_frames\id2_id3_0009.mp4\id2_id3_0009.mp4_9.jpg,0
cropped_frames\id3_0000.mp4\id3_0000.mp4_1.jpg,0
cropped_frames\id3_0000.mp4\id3_0000.mp4_10.jpg,1
cropped_frames\id3_0000.mp4\id3_0000.mp4_11.jpg,1
cropped_frames\id3_0000.mp4\id3_0000.mp4_12.jpg,1
cropped_frames\id3_0000.mp4\id3_0000.mp4_2.jpg,1
cropped_frames\id3_0000.mp4\id3_0000.mp4_3.jpg,0
cropped_frames\id3_0000.mp4\id3_0000.mp4_4.jpg,1
cropped_frames\id3_0000.mp4\id3_0000.mp4_5.jpg,1
cropped_frames\id3_0000.mp4\id3_0000.mp4_6.jpg,1
cropped_frames\id3_0000.mp4\id3_0000.mp4_7.jpg,1
cropped_frames\id3_0000.mp4\id3_0000.mp4_8.jpg,1
cropped_frames\id3_0000.mp4\id3_0000.mp4_9.jpg,1
cropped_frames\id3_0001.mp4\id3_0001.mp4_1.jpg,1
cropped_frames\id3_0001.mp4\id3_0001.mp4_10.jpg,1
cropped_frames\id3_0001.mp4\id3_0001.mp4_11.jpg,1
cropped_frames\id3_0001.mp4\id3_0001.mp4_12.jpg,1
cropped_frames\id3_0001.mp4\id3_0001.mp4_2.jpg,1
cropped_frames\id3_0001.mp4\id3_0001.mp4_3.jpg,1
cropped_frames\id3_0001.mp4\id3_0001.mp4_4.jpg,1
cropped_frames\id3_0001.mp4\id3_0001.mp4_5.jpg,0
cropped_frames\id3_0001.mp4\id3_0001.mp4_6.jpg,1
cropped_frames\id3_0001.mp4\id3_0001.mp4_7.jpg,1
cropped_frames\id3_0001.mp4\id3_0001.mp4_8.jpg,1
cropped_frames\id3_0001.mp4\id3_0001.mp4_9.jpg,1
cropped_frames\id3_0002.mp4\id3_0002.mp4_1.jpg,0
cropped_frames\id3_0002.mp4\id3_0002.mp4_10.jpg,1
cropped_frames\id3_0002.mp4\id3_0002.mp4_11.jpg,0
cropped_frames\id3_0002.mp4\id3_0002.mp4_12.jpg,0
cropped_frames\id3_0002.mp4\id3_0002.mp4_2.jpg,1
cropped_frames\id3_0002.mp4\id3_0002.mp4_3.jpg,0
cropped_frames\id3_0002.mp4\id3_0002.mp4_4.jpg,0
cropped_frames\id3_0002.mp4\id3_0002.mp4_5.jpg,0
cropped_frames\id3_0002.mp4\id3_0002.mp4_6.jpg,1
cropped_frames\id3_0002.mp4\id3_0002.mp4_7.jpg,1
cropped_frames\id3_0002.mp4\id3_0002.mp4_8.jpg,1
cropped_frames\id3_0002.mp4\id3_0002.mp4_9.jpg,1
cropped_frames\id3_0003.mp4\id3_0003.mp4_1.jpg,1
cropped_frames\id3_0003.mp4\id3_0003.mp4_10.jpg,0
cropped_frames\id3_0003.mp4\id3_0003.mp4_11.jpg,1
cropped_frames\id3_0003.mp4\id3_0003.mp4_12.jpg,0
cropped_frames\id3_0003.mp4\id3_0003.mp4_2.jpg,0
cropped_frames\id3_0003.mp4\id3_0003.mp4_3.jpg,1
cropped_frames\id3_0003.mp4\id3_0003.mp4_4.jpg,1
cropped_frames\id3_0003.mp4\id3_0003.mp4_5.jpg,1
cropped_frames\id3_0003.mp4\id3_0003.mp4_6.jpg,1
cropped_frames\id3_0003.mp4\id3_0003.mp4_7.jpg,1
cropped_frames\id3_0003.mp4\id3_0003.mp4_8.jpg,1
cropped_frames\id3_0003.mp4\id3_0003.mp4_9.jpg,1
cropped_frames\id3_0004.mp4\id3_0004.mp4_1.jpg,1
cropped_frames\id3_0004.mp4\id3_0004.mp4_10.jpg,1
cropped_frames\id3_0004.mp4\id3_0004.mp4_11.jpg,1
cropped_frames\id3_0004.mp4\id3_0004.mp4_12.jpg,1
cropped_frames\id3_0004.mp4\id3_0004.mp4_2.jpg,1
cropped_frames\id3_0004.mp4\id3_0004.mp4_3.jpg,1
cropped_frames\id3_0004.mp4\id3_0004.mp4_4.jpg,1
cropped_frames\id3_0004.mp4\id3_0004.mp4_5.jpg,1
cropped_frames\id3_0004.mp4\id3_0004.mp4_6.jpg,1
cropped_frames\id3_0004.mp4\id3_0004.mp4_7.jpg,1
cropped_frames\id3_0004.mp4\id3_0004.mp4_8.jpg,1
cropped_frames\id3_0004.mp4\id3_0004.mp4_9.jpg,1
cropped_frames\id3_0005.mp4\id3_0005.mp4_1.jpg,1
cropped_frames\id3_0005.mp4\id3_0005.mp4_10.jpg,1
cropped_frames\id3_0005.mp4\id3_0005.mp4_11.jpg,1
cropped_frames\id3_0005.mp4\id3_0005.mp4_12.jpg,1
cropped_frames\id3_0005.mp4\id3_0005.mp4_2.jpg,1
cropped_frames\id3_0005.mp4\id3_0005.mp4_3.jpg,0
cropped_frames\id3_0005.mp4\id3_0005.mp4_4.jpg,0
cropped_frames\id3_0005.mp4\id3_0005.mp4_5.jpg,0
cropped_frames\id3_0005.mp4\id3_0005.mp4_6.jpg,1
cropped_frames\id3_0005.mp4\id3_0005.mp4_7.jpg,0
cropped_frames\id3_0005.mp4\id3_0005.mp4_8.jpg,1
cropped_frames\id3_0005.mp4\id3_0005.mp4_9.jpg,0
cropped_frames\id3_0006.mp4\id3_0006.mp4_1.jpg,1
cropped_frames\id3_0006.mp4\id3_0006.mp4_10.jpg,1
cropped_frames\id3_0006.mp4\id3_0006.mp4_11.jpg,1
cropped_frames\id3_0006.mp4\id3_0006.mp4_12.jpg,1
cropped_frames\id3_0006.mp4\id3_0006.mp4_2.jpg,1
cropped_frames\id3_0006.mp4\id3_0006.mp4_3.jpg,1
cropped_frames\id3_0006.mp4\id3_0006.mp4_4.jpg,1
cropped_frames\id3_0006.mp4\id3_0006.mp4_5.jpg,1
cropped_frames\id3_0006.mp4\id3_0006.mp4_6.jpg,1
cropped_frames\id3_0006.mp4\id3_0006.mp4_7.jpg,0
cropped_frames\id3_0006.mp4\id3_0006.mp4_8.jpg,1
cropped_frames\id3_0006.mp4\id3_0006.mp4_9.jpg,1
cropped_frames\id3_0007.mp4\id3_0007.mp4_1.jpg,0
cropped_frames\id3_0007.mp4\id3_0007.mp4_10.jpg,0
cropped_frames\id3_0007.mp4\id3_0007.mp4_11.jpg,0
cropped_frames\id3_0007.mp4\id3_0007.mp4_12.jpg,0
cropped_frames\id3_0007.mp4\id3_0007.mp4_2.jpg,0
cropped_frames\id3_0007.mp4\id3_0007.mp4_3.jpg,0
cropped_frames\id3_0007.mp4\id3_0007.mp4_4.jpg,0
cropped_frames\id3_0007.mp4\id3_0007.mp4_5.jpg,0
cropped_frames\id3_0007.mp4\id3_0007.mp4_6.jpg,0
cropped_frames\id3_0007.mp4\id3_0007.mp4_7.jpg,0
cropped_frames\id3_0007.mp4\id3_0007.mp4_8.jpg,0
cropped_frames\id3_0007.mp4\id3_0007.mp4_9.jpg,0
cropped_frames\id3_0008.mp4\id3_0008.mp4_1.jpg,0
cropped_frames\id3_0008.mp4\id3_0008.mp4_10.jpg,0
cropped_frames\id3_0008.mp4\id3_0008.mp4_11.jpg,0
cropped_frames\id3_0008.mp4\id3_0008.mp4_12.jpg,0
cropped_frames\id3_0008.mp4\id3_0008.mp4_2.jpg,0
cropped_frames\id3_0008.mp4\id3_0008.mp4_3.jpg,0
cropped_frames\id3_0008.mp4\id3_0008.mp4_4.jpg,0
cropped_frames\id3_0008.mp4\id3_0008.mp4_5.jpg,0
cropped_frames\id3_0008.mp4\id3_0008.mp4_6.jpg,0
cropped_frames\id3_0008.mp4\id3_0008.mp4_7.jpg,0
cropped_frames\id3_0008.mp4\id3_0008.mp4_8.jpg,0
cropped_frames\id3_0008.mp4\id3_0008.mp4_9.jpg,0
cropped_frames\id3_0009.mp4\id3_0009.mp4_1.jpg,1
cropped_frames\id3_0009.mp4\id3_0009.mp4_10.jpg,0
cropped_frames\id3_0009.mp4\id3_0009.mp4_11.jpg,0
cropped_frames\id3_0009.mp4\id3_0009.mp4_12.jpg,1
cropped_frames\id3_0009.mp4\id3_0009.mp4_2.jpg,1
cropped_frames\id3_0009.mp4\id3_0009.mp4_3.jpg,1
cropped_frames\id3_0009.mp4\id3_0009.mp4_4.jpg,1
cropped_frames\id3_0009.mp4\id3_0009.mp4_5.jpg,1
cropped_frames\id3_0009.mp4\id3_0009.mp4_6.jpg,1
cropped_frames\id3_0009.mp4\id3_0009.mp4_7.jpg,0
cropped_frames\id3_0009.mp4\id3_0009.mp4_8.jpg,0
cropped_frames\id3_0009.mp4\id3_0009.mp4_9.jpg,0
cropped_frames\id3_id1_0001.mp4\id3_id1_0001.mp4_1.jpg,1
cropped_frames\id3_id1_0001.mp4\id3_id1_0001.mp4_10.jpg,1
cropped_frames\id3_id1_0001.mp4\id3_id1_0001.mp4_11.jpg,1
cropped_frames\id3_id1_0001.mp4\id3_id1_0001.mp4_12.jpg,1
cropped_frames\id3_id1_0001.mp4\id3_id1_0001.mp4_2.jpg,1
cropped_frames\id3_id1_0001.mp4\id3_id1_0001.mp4_3.jpg,1
cropped_frames\id3_id1_0001.mp4\id3_id1_0001.mp4_4.jpg,1
cropped_frames\id3_id1_0001.mp4\id3_id1_0001.mp4_5.jpg,1
cropped_frames\id3_id1_0001.mp4\id3_id1_0001.mp4_6.jpg,1
cropped_frames\id3_id1_0001.mp4\id3_id1_0001.mp4_7.jpg,1
cropped_frames\id3_id1_0001.mp4\id3_id1_0001.mp4_8.jpg,1
cropped_frames\id3_id1_0001.mp4\id3_id1_0001.mp4_9.jpg,1
cropped_frames\id3_id1_0002.mp4\id3_id1_0002.mp4_1.jpg,1
cropped_frames\id3_id1_0002.mp4\id3_id1_0002.mp4_10.jpg,1
cropped_frames\id3_id1_0002.mp4\id3_id1_0002.mp4_11.jpg,1
cropped_frames\id3_id1_0002.mp4\id3_id1_0002.mp4_12.jpg,1
cropped_frames\id3_id1_0002.mp4\id3_id1_0002.mp4_2.jpg,1
cropped_frames\id3_id1_0002.mp4\id3_id1_0002.mp4_3.jpg,1
cropped_frames\id3_id1_0002.mp4\id3_id1_0002.mp4_4.jpg,1
cropped_frames\id3_id1_0002.mp4\id3_id1_0002.mp4_5.jpg,0
cropped_frames\id3_id1_0002.mp4\id3_id1_0002.mp4_6.jpg,0
cropped_frames\id3_id1_0002.mp4\id3_id1_0002.mp4_7.jpg,0
cropped_frames\id3_id1_0002.mp4\id3_id1_0002.mp4_8.jpg,0
cropped_frames\id3_id1_0002.mp4\id3_id1_0002.mp4_9.jpg,1
cropped_frames\id3_id1_0003.mp4\id3_id1_0003.mp4_1.jpg,1
cropped_frames\id3_id1_0003.mp4\id3_id1_0003.mp4_10.jpg,1
cropped_frames\id3_id1_0003.mp4\id3_id1_0003.mp4_11.jpg,1
cropped_frames\id3_id1_0003.mp4\id3_id1_0003.mp4_12.jpg,0
cropped_frames\id3_id1_0003.mp4\id3_id1_0003.mp4_2.jpg,1
cropped_frames\id3_id1_0003.mp4\id3_id1_0003.mp4_3.jpg,1
cropped_frames\id3_id1_0003.mp4\id3_id1_0003.mp4_4.jpg,1
cropped_frames\id3_id1_0003.mp4\id3_id1_0003.mp4_5.jpg,1
cropped_frames\id3_id1_0003.mp4\id3_id1_0003.mp4_6.jpg,1
cropped_frames\id3_id1_0003.mp4\id3_id1_0003.mp4_7.jpg,1
cropped_frames\id3_id1_0003.mp4\id3_id1_0003.mp4_8.jpg,1
cropped_frames\id3_id1_0003.mp4\id3_id1_0003.mp4_9.jpg,1
cropped_frames\id3_id1_0004.mp4\id3_id1_0004.mp4_1.jpg,1
cropped_frames\id3_id1_0004.mp4\id3_id1_0004.mp4_10.jpg,1
cropped_frames\id3_id1_0004.mp4\id3_id1_0004.mp4_11.jpg,1
cropped_frames\id3_id1_0004.mp4\id3_id1_0004.mp4_12.jpg,1
cropped_frames\id3_id1_0004.mp4\id3_id1_0004.mp4_2.jpg,1
cropped_frames\id3_id1_0004.mp4\id3_id1_0004.mp4_3.jpg,1
cropped_frames\id3_id1_0004.mp4\id3_id1_0004.mp4_4.jpg,1
cropped_frames\id3_id1_0004.mp4\id3_id1_0004.mp4_5.jpg,1
cropped_frames\id3_id1_0004.mp4\id3_id1_0004.mp4_6.jpg,1
cropped_frames\id3_id1_0004.mp4\id3_id1_0004.mp4_7.jpg,1
cropped_frames\id3_id1_0004.mp4\id3_id1_0004.mp4_8.jpg,1
cropped_frames\id3_id1_0004.mp4\id3_id1_0004.mp4_9.jpg,1
cropped_frames\id3_id1_0005.mp4\id3_id1_0005.mp4_1.jpg,0
cropped_frames\id3_id1_0005.mp4\id3_id1_0005.mp4_10.jpg,0
cropped_frames\id3_id1_0005.mp4\id3_id1_0005.mp4_11.jpg,0
cropped_frames\id3_id1_0005.mp4\id3_id1_0005.mp4_12.jpg,0
cropped_frames\id3_id1_0005.mp4\id3_id1_0005.mp4_2.jpg,0
cropped_frames\id3_id1_0005.mp4\id3_id1_0005.mp4_3.jpg,0
cropped_frames\id3_id1_0005.mp4\id3_id1_0005.mp4_4.jpg,0
cropped_frames\id3_id1_0005.mp4\id3_id1_0005.mp4_5.jpg,1
cropped_frames\id3_id1_0005.mp4\id3_id1_0005.mp4_6.jpg,1
cropped_frames\id3_id1_0005.mp4\id3_id1_0005.mp4_7.jpg,0
cropped_frames\id3_id1_0005.mp4\id3_id1_0005.mp4_8.jpg,1
cropped_frames\id3_id1_0005.mp4\id3_id1_0005.mp4_9.jpg,1
cropped_frames\id3_id1_0006.mp4\id3_id1_0006.mp4_1.jpg,0
cropped_frames\id3_id1_0006.mp4\id3_id1_0006.mp4_10.jpg,1
cropped_frames\id3_id1_0006.mp4\id3_id1_0006.mp4_11.jpg,0
cropped_frames\id3_id1_0006.mp4\id3_id1_0006.mp4_12.jpg,0
cropped_frames\id3_id1_0006.mp4\id3_id1_0006.mp4_2.jpg,0
cropped_frames\id3_id1_0006.mp4\id3_id1_0006.mp4_3.jpg,0
cropped_frames\id3_id1_0006.mp4\id3_id1_0006.mp4_4.jpg,0
cropped_frames\id3_id1_0006.mp4\id3_id1_0006.mp4_5.jpg,0
cropped_frames\id3_id1_0006.mp4\id3_id1_0006.mp4_6.jpg,0
cropped_frames\id3_id1_0006.mp4\id3_id1_0006.mp4_7.jpg,1
cropped_frames\id3_id1_0006.mp4\id3_id1_0006.mp4_8.jpg,0
cropped_frames\id3_id1_0006.mp4\id3_id1_0006.mp4_9.jpg,0
cropped_frames\id3_id1_0007.mp4\id3_id1_0007.mp4_1.jpg,0
cropped_frames\id3_id1_0007.mp4\id3_id1_0007.mp4_10.jpg,1
cropped_frames\id3_id1_0007.mp4\id3_id1_0007.mp4_11.jpg,0
cropped_frames\id3_id1_0007.mp4\id3_id1_0007.mp4_12.jpg,0
cropped_frames\id3_id1_0007.mp4\id3_id1_0007.mp4_2.jpg,0
cropped_frames\id3_id1_0007.mp4\id3_id1_0007.mp4_3.jpg,0
cropped_frames\id3_id1_0007.mp4\id3_id1_0007.mp4_4.jpg,0
cropped_frames\id3_id1_0007.mp4\id3_id1_0007.mp4_5.jpg,0
cropped_frames\id3_id1_0007.mp4\id3_id1_0007.mp4_6.jpg,0
cropped_frames\id3_id1_0007.mp4\id3_id1_0007.mp4_7.jpg,0
cropped_frames\id3_id1_0007.mp4\id3_id1_0007.mp4_8.jpg,0
cropped_frames\id3_id1_0007.mp4\id3_id1_0007.mp4_9.jpg,1
cropped_frames\id3_id1_0008.mp4\id3_id1_0008.mp4_1.jpg,0
cropped_frames\id3_id1_0008.mp4\id3_id1_0008.mp4_10.jpg,0
cropped_frames\id3_id1_0008.mp4\id3_id1_0008.mp4_11.jpg,0
cropped_frames\id3_id1_0008.mp4\id3_id1_0008.mp4_12.jpg,0
cropped_frames\id3_id1_0008.mp4\id3_id1_0008.mp4_2.jpg,0
cropped_frames\id3_id1_0008.mp4\id3_id1_0008.mp4_3.jpg,0
cropped_frames\id3_id1_0008.mp4\id3_id1_0008.mp4_4.jpg,0
cropped_frames\id3_id1_0008.mp4\id3_id1_0008.mp4_5.jpg,0
cropped_frames\id3_id1_0008.mp4\id3_id1_0008.mp4_6.jpg,0
cropped_frames\id3_id1_0008.mp4\id3_id1_0008.mp4_7.jpg,0
cropped_frames\id3_id1_0008.mp4\id3_id1_0008.mp4_8.jpg,0
cropped_frames\id3_id1_0008.mp4\id3_id1_0008.mp4_9.jpg,0
cropped_frames\id3_id1_0009.mp4\id3_id1_0009.mp4_1.jpg,1
cropped_frames\id3_id1_0009.mp4\id3_id1_0009.mp4_10.jpg,0
cropped_frames\id3_id1_0009.mp4\id3_id1_0009.mp4_11.jpg,0
cropped_frames\id3_id1_0009.mp4\id3_id1_0009.mp4_12.jpg,0
cropped_frames\id3_id1_0009.mp4\id3_id1_0009.mp4_2.jpg,0
cropped_frames\id3_id1_0009.mp4\id3_id1_0009.mp4_3.jpg,1
cropped_frames\id3_id1_0009.mp4\id3_id1_0009.mp4_4.jpg,0
cropped_frames\id3_id1_0009.mp4\id3_id1_0009.mp4_5.jpg,1
cropped_frames\id3_id1_0009.mp4\id3_id1_0009.mp4_6.jpg,0
cropped_frames\id3_id1_0009.mp4\id3_id1_0009.mp4_7.jpg,0
cropped_frames\id3_id1_0009.mp4\id3_id1_0009.mp4_8.jpg,0
cropped_frames\id3_id1_0009.mp4\id3_id1_0009.mp4_9.jpg,0
cropped_frames\id3_id2_0000.mp4\id3_id2_0000.mp4_1.jpg,1
cropped_frames\id3_id2_0000.mp4\id3_id2_0000.mp4_10.jpg,1
cropped_frames\id3_id2_0000.mp4\id3_id2_0000.mp4_11.jpg,1
cropped_frames\id3_id2_0000.mp4\id3_id2_0000.mp4_12.jpg,0
cropped_frames\id3_id2_0000.mp4\id3_id2_0000.mp4_2.jpg,1
cropped_frames\id3_id2_0000.mp4\id3_id2_0000.mp4_3.jpg,0
cropped_frames\id3_id2_0000.mp4\id3_id2_0000.mp4_4.jpg,0
cropped_frames\id3_id2_0000.mp4\id3_id2_0000.mp4_5.jpg,1
cropped_frames\id3_id2_0000.mp4\id3_id2_0000.mp4_6.jpg,1
cropped_frames\id3_id2_0000.mp4\id3_id2_0000.mp4_7.jpg,0
cropped_frames\id3_id2_0000.mp4\id3_id2_0000.mp4_8.jpg,0
cropped_frames\id3_id2_0000.mp4\id3_id2_0000.mp4_9.jpg,1
cropped_frames\id3_id2_0001.mp4\id3_id2_0001.mp4_1.jpg,1
cropped_frames\id3_id2_0001.mp4\id3_id2_0001.mp4_10.jpg,1
cropped_frames\id3_id2_0001.mp4\id3_id2_0001.mp4_11.jpg,1
cropped_frames\id3_id2_0001.mp4\id3_id2_0001.mp4_12.jpg,1
cropped_frames\id3_id2_0001.mp4\id3_id2_0001.mp4_2.jpg,1
cropped_frames\id3_id2_0001.mp4\id3_id2_0001.mp4_3.jpg,1
cropped_frames\id3_id2_0001.mp4\id3_id2_0001.mp4_4.jpg,1
cropped_frames\id3_id2_0001.mp4\id3_id2_0001.mp4_5.jpg,1
cropped_frames\id3_id2_0001.mp4\id3_id2_0001.mp4_6.jpg,1
cropped_frames\id3_id2_0001.mp4\id3_id2_0001.mp4_7.jpg,1
cropped_frames\id3_id2_0001.mp4\id3_id2_0001.mp4_8.jpg,1
cropped_frames\id3_id2_0001.mp4\id3_id2_0001.mp4_9.jpg,1
cropped_frames\id3_id2_0002.mp4\id3_id2_0002.mp4_1.jpg,0
cropped_frames\id3_id2_0002.mp4\id3_id2_0002.mp4_10.jpg,1
cropped_frames\id3_id2_0002.mp4\id3_id2_0002.mp4_11.jpg,1
cropped_frames\id3_id2_0002.mp4\id3_id2_0002.mp4_12.jpg,1
cropped_frames\id3_id2_0002.mp4\id3_id2_0002.mp4_2.jpg,1
cropped_frames\id3_id2_0002.mp4\id3_id2_0002.mp4_3.jpg,1
cropped_frames\id3_id2_0002.mp4\id3_id2_0002.mp4_4.jpg,1
cropped_frames\id3_id2_0002.mp4\id3_id2_0002.mp4_5.jpg,1
cropped_frames\id3_id2_0002.mp4\id3_id2_0002.mp4_6.jpg,1
cropped_frames\id3_id2_0002.mp4\id3_id2_0002.mp4_7.jpg,1
cropped_frames\id3_id2_0002.mp4\id3_id2_0002.mp4_8.jpg,1
cropped_frames\id3_id2_0002.mp4\id3_id2_0002.mp4_9.jpg,1
cropped_frames\id3_id2_0003.mp4\id3_id2_0003.mp4_1.jpg,1
cropped_frames\id3_id2_0003.mp4\id3_id2_0003.mp4_10.jpg,1
cropped_frames\id3_id2_0003.mp4\id3_id2_0003.mp4_11.jpg,1
cropped_frames\id3_id2_0003.mp4\id3_id2_0003.mp4_12.jpg,1
cropped_frames\id3_id2_0003.mp4\id3_id2_0003.mp4_2.jpg,1
cropped_frames\id3_id2_0003.mp4\id3_id2_0003.mp4_3.jpg,1
cropped_frames\id3_id2_0003.mp4\id3_id2_0003.mp4_4.jpg,1
cropped_frames\id3_id2_0003.mp4\id3_id2_0003.mp4_5.jpg,1
cropped_frames\id3_id2_0003.mp4\id3_id2_0003.mp4_6.jpg,1
cropped_frames\id3_id2_0003.mp4\id3_id2_0003.mp4_7.jpg,1
cropped_frames\id3_id2_0003.mp4\id3_id2_0003.mp4_8.jpg,1
cropped_frames\id3_id2_0003.mp4\id3_id2_0003.mp4_9.jpg,1
cropped_frames\id3_id2_0004.mp4\id3_id2_0004.mp4_1.jpg,1
cropped_frames\id3_id2_0004.mp4\id3_id2_0004.mp4_10.jpg,1
cropped_frames\id3_id2_0004.mp4\id3_id2_0004.mp4_11.jpg,1
cropped_frames\id3_id2_0004.mp4\id3_id2_0004.mp4_12.jpg,1
cropped_frames\id3_id2_0004.mp4\id3_id2_0004.mp4_2.jpg,1
cropped_frames\id3_id2_0004.mp4\id3_id2_0004.mp4_3.jpg,1
cropped_frames\id3_id2_0004.mp4\id3_id2_0004.mp4_4.jpg,1
cropped_frames\id3_id2_0004.mp4\id3_id2_0004.mp4_5.jpg,1
cropped_frames\id3_id2_0004.mp4\id3_id2_0004.mp4_6.jpg,1
cropped_frames\id3_id2_0004.mp4\id3_id2_0004.mp4_7.jpg,1
cropped_frames\id3_id2_0004.mp4\id3_id2_0004.mp4_8.jpg,1
cropped_frames\id3_id2_0004.mp4\id3_id2_0004.mp4_9.jpg,1
cropped_frames\id3_id2_0005.mp4\id3_id2_0005.mp4_1.jpg,1
cropped_frames\id3_id2_0005.mp4\id3_id2_0005.mp4_10.jpg,0
cropped_frames\id3_id2_0005.mp4\id3_id2_0005.mp4_11.jpg,1
cropped_frames\id3_id2_0005.mp4\id3_id2_0005.mp4_12.jpg,0
cropped_frames\id3_id2_0005.mp4\id3_id2_0005.mp4_2.jpg,1
cropped_frames\id3_id2_0005.mp4\id3_id2_0005.mp4_3.jpg,1
cropped_frames\id3_id2_0005.mp4\id3_id2_0005.mp4_4.jpg,0
cropped_frames\id3_id2_0005.mp4\id3_id2_0005.mp4_5.jpg,1
cropped_frames\id3_id2_0005.mp4\id3_id2_0005.mp4_6.jpg,1
cropped_frames\id3_id2_0005.mp4\id3_id2_0005.mp4_7.jpg,0
cropped_frames\id3_id2_0005.mp4\id3_id2_0005.mp4_8.jpg,0
cropped_frames\id3_id2_0005.mp4\id3_id2_0005.mp4_9.jpg,0
cropped_frames\id3_id2_0006.mp4\id3_id2_0006.mp4_1.jpg,1
cropped_frames\id3_id2_0006.mp4\id3_id2_0006.mp4_10.jpg,0
cropped_frames\id3_id2_0006.mp4\id3_id2_0006.mp4_11.jpg,0
cropped_frames\id3_id2_0006.mp4\id3_id2_0006.mp4_12.jpg,0
cropped_frames\id3_id2_0006.mp4\id3_id2_0006.mp4_2.jpg,1
cropped_frames\id3_id2_0006.mp4\id3_id2_0006.mp4_3.jpg,1
cropped_frames\id3_id2_0006.mp4\id3_id2_0006.mp4_4.jpg,1
cropped_frames\id3_id2_0006.mp4\id3_id2_0006.mp4_5.jpg,1
cropped_frames\id3_id2_0006.mp4\id3_id2_0006.mp4_6.jpg,0
cropped_frames\id3_id2_0006.mp4\id3_id2_0006.mp4_7.jpg,1
cropped_frames\id3_id2_0006.mp4\id3_id2_0006.mp4_8.jpg,0
cropped_frames\id3_id2_0006.mp4\id3_id2_0006.mp4_9.jpg,1
cropped_frames\id3_id2_0007.mp4\id3_id2_0007.mp4_1.jpg,0
cropped_frames\id3_id2_0007.mp4\id3_id2_0007.mp4_10.jpg,1
cropped_frames\id3_id2_0007.mp4\id3_id2_0007.mp4_11.jpg,1
cropped_frames\id3_id2_0007.mp4\id3_id2_0007.mp4_12.jpg,0
cropped_frames\id3_id2_0007.mp4\id3_id2_0007.mp4_2.jpg,0
cropped_frames\id3_id2_0007.mp4\id3_id2_0007.mp4_3.jpg,1
cropped_frames\id3_id2_0007.mp4\id3_id2_0007.mp4_4.jpg,0
cropped_frames\id3_id2_0007.mp4\id3_id2_0007.mp4_5.jpg,0
cropped_frames\id3_id2_0007.mp4\id3_id2_0007.mp4_6.jpg,0
cropped_frames\id3_id2_0007.mp4\id3_id2_0007.mp4_7.jpg,0
cropped_frames\id3_id2_0007.mp4\id3_id2_0007.mp4_8.jpg,0
cropped_frames\id3_id2_0007.mp4\id3_id2_0007.mp4_9.jpg,0
cropped_frames\id3_id2_0008.mp4\id3_id2_0008.mp4_1.jpg,1
cropped_frames\id3_id2_0008.mp4\id3_id2_0008.mp4_10.jpg,1
cropped_frames\id3_id2_0008.mp4\id3_id2_0008.mp4_11.jpg,1
cropped_frames\id3_id2_0008.mp4\id3_id2_0008.mp4_12.jpg,1
cropped_frames\id3_id2_0008.mp4\id3_id2_0008.mp4_2.jpg,0
cropped_frames\id3_id2_0008.mp4\id3_id2_0008.mp4_3.jpg,1
cropped_frames\id3_id2_0008.mp4\id3_id2_0008.mp4_4.jpg,1
cropped_frames\id3_id2_0008.mp4\id3_id2_0008.mp4_5.jpg,1
cropped_frames\id3_id2_0008.mp4\id3_id2_0008.mp4_6.jpg,1
cropped_frames\id3_id2_0008.mp4\id3_id2_0008.mp4_7.jpg,1
cropped_frames\id3_id2_0008.mp4\id3_id2_0008.mp4_8.jpg,1
cropped_frames\id3_id2_0008.mp4\id3_id2_0008.mp4_9.jpg,1
cropped_frames\id3_id2_0009.mp4\id3_id2_0009.mp4_1.jpg,0
cropped_frames\id3_id2_0009.mp4\id3_id2_0009.mp4_10.jpg,0
cropped_frames\id3_id2_0009.mp4\id3_id2_0009.mp4_11.jpg,1
cropped_frames\id3_id2_0009.mp4\id3_id2_0009.mp4_12.jpg,0
cropped_frames\id3_id2_0009.mp4\id3_id2_0009.mp4_2.jpg,0
cropped_frames\id3_id2_0009.mp4\id3_id2_0009.mp4_3.jpg,1
cropped_frames\id3_id2_0009.mp4\id3_id2_0009.mp4_4.jpg,1
cropped_frames\id3_id2_0009.mp4\id3_id2_0009.mp4_5.jpg,1
cropped_frames\id3_id2_0009.mp4\id3_id2_0009.mp4_6.jpg,1
cropped_frames\id3_id2_0009.mp4\id3_id2_0009.mp4_7.jpg,1
cropped_frames\id3_id2_0009.mp4\id3_id2_0009.mp4_8.jpg,1
cropped_frames\id3_id2_0009.mp4\id3_id2_0009.mp4_9.jpg,0
